"","sector","transect_no","CORAL","OI","MA_noHALI","BCA","CCA","SAND","FCA","RUB","TURF","HALI"
"1","NE",0.249111897726007,3.00926137698263,0.91994733765628,0.302062980201152,1.05624896146292,0.900943791051046,1.09547116099475,1.28085055610547,0.798044233002768,1.71619305131849,1.38537772501267
"2","NW",0.288675134594813,2.46758110577381,0.124435840113655,0.32659863237109,0.689725206394723,1.63388441603526,0.0544168067661523,0.909690331699629,0.0427350427350428,1.72477216643853,0.431629734363006
"3","SE",0.288675134594813,2.20569937042641,0.843589805443907,0.914195903995613,0.408541261115897,1.27840523468247,0.0800314841566775,2.475328470277,0.352935867929882,0.432148763955713,0.120169411738639
"4","SW",0.249111897726007,2.7458091412745,0.714856556921929,1.27534322545723,0.167686147159655,1.4759416035505,0.126801060837888,1.93153763257977,0.0355281399814066,0.864696272075966,0.273670032896025
